red,gray,hue,saturation,homogeneity_135,contrast_90,ASM_135,energy_0,energy_90,energy_135,label
26.71216374115864,11.05628926340139,172.2705671558853,157.70516505641126,0.1545135110790174,400.1352789401212,0.0006766833417355,0.0262913176616097,0.027949279897735,0.0260131378679218,0
25.17263758779911,9.510593697078413,173.4778584471153,159.53698459384924,0.1547026668698437,418.82471180810575,0.0008023502217718,0.0296015577840832,0.0303345894534045,0.0283257872224556,0
25.7677482526506,10.78458103138906,172.58089894883062,156.15694378492702,0.1581713637782965,331.82355052020523,0.0006119143953268,0.0252319468358431,0.0271831491514479,0.0247369035112893,0
25.02497383769878,11.482445686461816,3.5987424534226733,142.74883184632657,0.1525015927580664,331.8999510808278,0.0008415746741914,0.0304533136815079,0.0306422725634389,0.0290099064836733,0
28.437073365969788,12.900425323741128,3.989145898311058,150.11309484852708,0.1281644933392324,417.1637070429087,0.0004966722826517,0.0234773139632938,0.0236439683369342,0.0222861455315131,0
26.83939517380591,11.70855964206569,3.905618114150855,146.58468322702151,0.1370650821380541,435.0102827763499,0.0006777445337523,0.0287028309439123,0.0279307171627366,0.0260335271093324,0
27.14882694454291,12.341615811408506,4.053943126404803,146.52639068667946,0.1364900820310417,417.7832993008086,0.0007042368026616,0.0283677360741121,0.0283549785528005,0.0265374603657102,0
26.3607408548041,11.85237937685978,4.080686507707,148.9882122055158,0.1442200401341251,428.2548347234489,0.0006705182624365,0.0272803999635331,0.0281762237020911,0.0258943673882277,0
24.707773970154527,11.126831178303586,4.026608739797609,141.92548955150244,0.1441023835160284,458.13505063815705,0.0008219139948786,0.0304882972172519,0.0307313480951599,0.0286690424478849,0
24.99539766694538,11.110289294704245,3.908726026794725,150.83616339608136,0.1562319065705054,407.998151315486,0.0008360054006571,0.0297760407468733,0.0307154829943963,0.0289137579822669,0
26.823816359003622,11.796060618346797,3.962097824419757,149.75423690225972,0.1300017934740445,464.7232129878095,0.0005740695383337,0.0251077397202894,0.0254786633135652,0.0239597482944567,0
24.04152710468898,10.571693729414784,4.049484325573843,146.32117226590725,0.1491299104579789,400.43743862504095,0.0009802233214678,0.0337404759483548,0.0336943464692672,0.0313085183531237,0
24.866422206596432,11.04699819672853,3.954860976310641,149.11743997929912,0.1395572585554041,397.8612130532416,0.0006153901065563,0.0264466978141874,0.0265303142413433,0.0248070575956987,0
29.495763850176864,12.1938813464594,173.62648926121986,156.56723022523266,0.1419543529320832,354.0834924160913,0.0004854267018878,0.0230808487661144,0.0234313430598128,0.0220324011829818,0
25.75731856807002,11.592386565839677,3.9010199294141046,148.2614690604858,0.148511785700103,408.9781213388532,0.0006847555470978,0.0272853841955748,0.028234551095997,0.0261678342072452,0
24.664531535900267,12.046323843107391,4.05531843453096,137.70811382281482,0.1416849310917137,369.024953244165,0.0007987243153184,0.0293049039787519,0.0295391440077992,0.028261711118021,0
24.519600657968752,11.584821094121333,4.31547868189449,142.29469407853517,0.1411129366056842,427.0414957074827,0.0007723576219473,0.0287205323851004,0.0287204614186806,0.0277913227815322,0
26.251183858953084,12.280022901869152,4.488167047487437,147.113138767546,0.1479035659994475,383.15022986801154,0.0007631217606229,0.0289201917097729,0.0292327708035516,0.0276246585612007,0
24.927270116964884,11.456006961521048,4.4948108172463535,149.44790653540778,0.1466900134334084,374.64121942205696,0.0007931867419289,0.0291623177514124,0.0308089043529238,0.0281635711856453,0
23.587877323208264,10.937231939294056,3.8719084753956,141.80694950803365,0.155983546380875,400.16909747238486,0.0009538341347252,0.0317391133021332,0.033101226442893,0.0308842052629698,0
26.05784131141968,11.586072320695664,4.026843161346804,149.67022917219776,0.1451378502418674,409.372262221623,0.0007650830201563,0.0288775457624693,0.0292011467927215,0.0276601341312061,0
25.35796318816585,11.478580244486004,4.041108372163691,147.48362168046702,0.146179045286752,430.7345071132333,0.0007939299337422,0.029493122050344,0.0302736198311691,0.0281767623005599,0
30.48344123501714,14.46955643336802,4.761849887674792,151.4316852867953,0.1839994970498221,193.46218283491532,0.0007260202007096,0.0285114755416586,0.0292384534800522,0.0269447620273338,0
25.217549795163897,11.416943023435078,3.981327283764657,142.32597175087204,0.1411842432547716,429.4778017104605,0.0007980131370159,0.029579188917428,0.0311537104584032,0.0282491263053555,0
28.75973385544541,11.807045176860631,173.5328711012112,155.3394783630268,0.1524005653236489,361.13928094171945,0.0005393961066519,0.0242466759903287,0.0246232096808241,0.0232249027264265,0
24.3594033741062,11.378562015775252,3.947264294717584,142.57750173876016,0.1515176909417075,407.91956129774144,0.0008319576144733,0.0297631229263603,0.030394417277254,0.028843675467481,0
25.22228666190608,11.390201542997424,3.9051877948144655,146.46140906615443,0.1549313624294421,404.4992725718407,0.00096511433474,0.0323145177147065,0.0323166047123817,0.0310662893622654,0
24.40807767014288,11.151222686144427,4.270959476037589,146.56690245473723,0.1506025542134617,437.4225444445074,0.0007781735010081,0.0289779883587536,0.0297787456832245,0.0278957613448371,0
24.87075866887968,11.81926364747842,4.309403585284429,140.78349269445337,0.1489702499483734,383.1253641173567,0.0009324443649531,0.0321263619820952,0.0326955526934387,0.0305359520066624,0
24.35820083657644,11.937725069986698,4.6480007712514535,141.26426120950362,0.1520966662091981,410.83048088928814,0.0008039225217851,0.029778212434795,0.0302213200330801,0.0283535275016202,0
28.71321490340484,13.65320845427192,4.977257673398164,149.00085161747157,0.1511491671035294,402.5814671439938,0.0006588658183164,0.0276932265268763,0.0277750307221422,0.0256683816847967,0
25.76800896618203,12.68564682254612,4.646411297548667,142.98977450915694,0.1459798884544492,448.03469450987546,0.000633025025807,0.0266705882096093,0.02650350764833,0.0251599885891672,0
25.4053890267712,12.26326338293849,4.224621129161264,142.13988061093315,0.1470025718325995,378.35953091111327,0.0007975398539682,0.0294958535091867,0.0295875869203017,0.0282407481127588,0
27.56116809446808,13.438829205597727,7.099863756112718,103.44099437995308,0.1309495283237892,408.44625412029984,0.0006855396542432,0.0279603910589318,0.0276587411417242,0.0261828121912684,0
25.45222554283649,12.152622186364006,4.628592058181759,143.97664255669469,0.1505113393167579,414.6671301809385,0.000773334767875,0.0282607799158667,0.0287570563935406,0.0278088972790193,0
26.069210801853927,10.645207881175992,3.1386380737066304,160.44636059841883,0.158331153316549,372.3515362725861,0.0005681478141548,0.0250158018059252,0.0255084964565904,0.0238358514459812,0
25.88604832469361,11.51824694982128,4.049569790996998,146.1974413164784,0.1447424809162242,387.857001803039,0.0008200002632992,0.0300658002351284,0.0302056770457935,0.0286356467239575,0
25.95231083820621,12.28619619320756,4.687657488750382,148.0184907398345,0.1409747056717769,461.4530046193848,0.0007904087912557,0.0301801450341694,0.0301411132342031,0.0281142097746983,0
26.0938972483005,12.463905931912976,4.442956058314636,142.85586317821537,0.1596254467444691,392.9539067720365,0.000981345650509,0.0329931974454437,0.0328238388511707,0.0313264369264844,0
23.56706976452453,10.992981415896676,4.428593505734511,143.23212636346304,0.1472187499943625,408.629657983655,0.0008916613667859,0.031775338744619,0.0319919199784545,0.0298606993686674,0
24.59199696946278,10.59479520688263,3.9526836044294527,148.64611228659467,0.1409694247079355,409.54364129310994,0.0008319783234306,0.0299347912879296,0.0302455254122188,0.0288440344513498,0
27.10612275658309,12.498154853215857,4.44742268711385,147.0215030144892,0.1477657255872886,459.7697522407338,0.0007328397583808,0.0276357573853647,0.0289949551187357,0.0270710132499841,0
26.54530736041556,12.926560547890563,4.631435816997275,165.0216723948044,0.131872183103597,417.11924324606855,0.0006590030523696,0.0269153710654549,0.0280435069803947,0.0256710547576375,0
28.90368104073754,13.792092936200667,4.516876852885709,147.89973802294315,0.1409311595906454,524.0256830458304,0.000611879413292,0.0262225636820801,0.0254408534281084,0.0247361964192559,0
25.15750081260159,11.186384087676863,4.193077993393558,153.08956719151269,0.1429661476774408,383.9832052291876,0.0007654819062433,0.0295141571785165,0.0296076515636714,0.0276673436788455,0
25.61256184760824,11.472895081892233,3.9457707672791145,148.10387716163817,0.1513402217803063,369.3809378044731,0.0006985777005881,0.0279021032421389,0.0273387414885475,0.0264306205108425,0
27.87261369447668,11.71867847812554,172.2887919840919,155.31351713990645,0.1529420018358244,363.162704368316,0.0006271647756626,0.0262790795601754,0.0263263787630295,0.0250432580880085,0
24.55837367432992,11.498339506784063,4.191729982125068,145.7595907828803,0.1543399490483602,478.8951920082882,0.0008601759527495,0.0309142918797324,0.0317087164979753,0.0293287564132811,0
27.72601859032492,12.414752813232909,3.640178460479546,152.78976876833622,0.1396483959834293,466.1492436600925,0.0005190597165376,0.0235809936328354,0.0234133813184297,0.022782882094626,0
26.378295664909665,11.09787055331114,3.73442680244834,152.32409315904866,0.1462146966104276,541.2089643479732,0.0007820213865615,0.0293229198773977,0.0293479573046642,0.0279646452965443,0
26.81895307972676,11.620586673984846,3.815347291199174,150.6717948906122,0.1393752277241974,425.7240901743685,0.0006051489642731,0.0260490559813634,0.0258519229658727,0.0245997756955866,0
25.70207165081223,10.902637402883675,4.424111287567726,151.5609687790071,0.1436628019073315,406.88724632158846,0.0007535933140212,0.0293678181837783,0.0285195743388518,0.0274516541217696,0
26.061707106438043,12.16015516434959,4.495149281339479,146.2163815791569,0.1497849196125015,477.217346508338,0.0007837724865791,0.0297541237141765,0.0293813350780615,0.0279959369655509,0
25.619298936797943,11.325575104698771,3.953325924771292,152.67791491450032,0.1497058642707287,436.6548747391563,0.0006767002367875,0.0269923285787316,0.0276009466617842,0.0260134626066495,0
27.51257194047478,12.59434170642202,4.164200915213662,151.15343138320455,0.1492268405507091,432.2721888447746,0.0006384580518284,0.0267674627943603,0.0266933757106495,0.0252677274765353,0
25.562702770886983,11.355429387029158,4.100074637937951,149.51934248233655,0.1374368330936657,430.01902150581816,0.0006941847670355,0.0282438133749584,0.0279117990495389,0.0263473863416389,0
27.39793329215701,12.16921913672372,4.277760708960095,149.91536682783,0.1343819843550437,491.0201171415663,0.000659254692232,0.0267207169995932,0.0274214136789347,0.0256759555271467,0
26.77610742823024,11.00387377022205,173.12735295305615,156.02370446620958,0.1478354648007443,440.94228847114965,0.0005866612511479,0.0255296266429728,0.0257858194613102,0.024221091039586,0
25.29877229852066,11.32595427553236,4.020968288853709,146.7627765678262,0.1467626105360323,359.5596085575317,0.0007789475809,0.0292008862960233,0.0294960924148598,0.0279096324035285,0
25.568649885572533,11.12572966644888,3.909036677258953,147.19874233257633,0.1423089358433796,497.1282472441122,0.0008172356627171,0.0309146366520511,0.0301585274440488,0.0285873339560918,0
26.585543577643413,12.209503258988626,4.054404041618433,147.1937771654089,0.1359324942608082,388.7895556957739,0.0006592199547518,0.0273258465505248,0.0273836832209761,0.0256752790588897,0
24.85616528693972,11.062227974967833,4.188786221492457,150.19787491690036,0.1451953201246106,387.5730404723059,0.0008911717702375,0.0311356541564323,0.0314434889652043,0.0298525002342776,0
25.542739310213875,11.502933726010468,4.4356822356169445,149.8368313068152,0.1435279921771201,392.92984571507446,0.0008083657719737,0.0298364407438581,0.0302059363504698,0.0284317739856967,0
25.660202821837814,11.259685479107112,4.156379638284285,154.80318711792162,0.1475168862040064,403.1988924186487,0.0007031835178547,0.0281896284944975,0.0281505301835513,0.0265176076947888,0
25.08868632616925,11.866353788423908,3.8532889390064895,141.32329466930358,0.1445109401198295,404.4849952030937,0.0008645194832446,0.0316673676756601,0.0316727386350935,0.0294027121749787,0
27.24009580145337,11.872856839831076,4.145421157231581,155.8133963513857,0.1427678591398967,420.5304687529165,0.0006588544322303,0.0273583672527899,0.0270150702580281,0.0256681598917862,0
25.417226309153435,11.187872339821023,4.02250862412356,149.73441816358485,0.1436262307052078,426.34420494802026,0.0007518408311309,0.0293675817335817,0.02961280321639,0.027419716102304,0
27.00586390082716,12.26715401933027,3.844905717184972,147.71142685084448,0.144277018455671,472.3547508035288,0.0006445707046095,0.0266628537086512,0.0263007960416819,0.0253883970468716,0
26.64021397739977,10.496407367654982,3.3728997647947807,158.0230725841337,0.158594446097717,344.1793992270645,0.0006149021260696,0.0266558772156201,0.0263965659322394,0.0247972201278621,0
26.94902577424286,12.769987308709506,4.474356401447437,144.3912454146183,0.1410712855853872,440.86434994636096,0.0006695434286328,0.0262201400290313,0.027783373418035,0.02587553726269,0
24.04895257532573,11.261394109457171,4.309451683034048,148.3726857031414,0.1466209189694692,346.7972103284662,0.0008170285491449,0.030077115135397,0.03056767741037,0.0285837112556257,0
24.95199474901758,11.367084168754598,4.175702811225676,147.6924629927682,0.1380838203361832,425.6475514716681,0.0007259329395646,0.0276018013478464,0.0290345836877018,0.0269431427187824,0
26.83029760936777,12.51106473198694,4.449271821443929,144.27068895498837,0.1387864201305631,459.1851325775252,0.0006808717654601,0.0281787737121692,0.0281113503024442,0.026093519606603,0
25.735759130361924,11.558089194807884,4.583528568777602,150.6652858020323,0.1382692084309302,448.3656810300095,0.0009413852824153,0.0327701428656507,0.032580561610473,0.0306820025815676,0
25.66382739429895,11.528667014036117,4.271744019493916,149.134861706019,0.1397010247777526,384.3491009067458,0.0005789255288303,0.0255535615817045,0.0260458461382762,0.0240608713231745,0
26.85793811056425,12.208031692705916,4.250733224096798,148.39266996465332,0.136276041182698,401.2096719499002,0.0006359839369983,0.0275057449433108,0.0270574609065009,0.025218721954102,0
26.485424343872168,12.033159506560494,4.456743805624377,150.3500917192012,0.1398068537126899,434.0680488724468,0.000712374216568,0.0281670537995056,0.0281756069617943,0.0266903393865282,0
25.92773909725215,11.767647112261766,4.466271616201844,146.71152125805736,0.147632164214101,462.2174791628727,0.00079391240135,0.0303081404043587,0.0290795038015785,0.028176451184457,0
26.64936320104324,12.23532596829665,3.932148694674858,146.62451627074725,0.1330475807581698,421.5044982660207,0.0006528322755669,0.0262702906820341,0.0277721252022816,0.0255505826854689,0
26.86822965860241,10.468514998245569,172.63668417860845,161.06513437057723,0.1544222331627549,368.3317916644769,0.0006416139875208,0.0268176272097721,0.0266414920068636,0.0253301004246094,0
25.390323936546423,11.80407162471041,4.257987094697725,145.50490302897174,0.1413434775504279,392.3213553779476,0.0008462025403872,0.031318067081751,0.0303857102006361,0.0290895606771101,0
26.199331520038363,12.366811458890268,4.830763193679836,177.33397956658723,0.1327064999487531,365.0920390023925,0.0006727951912422,0.0277031802072641,0.0281059779436887,0.0259382958430625,0
25.925684553196547,12.326786233380105,4.416652149627048,144.1539967922436,0.1452823448586691,371.749594036158,0.0007497843361745,0.0286024648310365,0.0282488344838775,0.0273821901274275,0
28.9766345356634,13.91074547503888,4.544939456556357,144.03327031112485,0.1315105123298161,432.6720278780504,0.0006361704715195,0.0265317787720724,0.0271642381109985,0.0252224200171109,0
21.66709577217565,9.795194217533677,6.443659451148712,111.13921084028335,0.1386032917753012,366.1014760285352,0.0008195128133532,0.0301291323415908,0.0304705011953799,0.0286271342148179,0
25.07698556635771,11.477017683085062,4.162412210088526,146.09658396092402,0.1411099420974555,395.0426195279827,0.0007883308015061,0.0292095327379925,0.0297456393566971,0.0280772292348474,0
25.86837185975825,12.59592180463059,5.624190103155556,109.10909349283692,0.1330842973071037,364.0331378485225,0.0007128616016811,0.02863294270637,0.0286411706368662,0.026699468190979,0
25.3255026223956,12.187166739520697,5.868367525110692,105.93429943256498,0.1476136905237928,379.2783829386931,0.0010265190569978,0.0333264822210066,0.033571576109916,0.0320393360885927,0
26.030370060229107,11.961583595500136,4.614827287368058,157.40973415678943,0.1405859350815684,395.4236377346656,0.0008311962869273,0.030980935968954,0.0308221590196573,0.028830474968812,0
25.347061830725394,10.972475293761208,3.827164351751264,151.44928504467012,0.141700265216316,432.8953871785082,0.0007204636560043,0.0279295669136731,0.0283065597376861,0.026841454059054,0
26.345487771218536,10.514391959389762,173.3789759302954,157.16681517419715,0.1542594883420513,411.2747080580818,0.0005447271241738,0.0245273689866335,0.0250161543942078,0.0233393899700458,0
26.065030145163465,12.234171207899616,4.092551164960455,144.34167277227857,0.1342656914643483,437.8707037826495,0.0006477057192093,0.0269025610597271,0.0271385798289375,0.0254500632456855,0
25.515712064074734,11.925522635598448,4.879175862844868,155.017464202608,0.134222445746037,396.48837356886094,0.0006892677949151,0.0283366997009524,0.0280525495671765,0.0262539100881214,0
24.67059281478375,12.19616404347737,7.617236361746933,93.63132259463076,0.1396868930860629,401.99158394958994,0.0009759767359292,0.0321795045271938,0.0335866269843036,0.0312406263690285,0
25.596764771324658,11.60619505951848,4.51726712656599,158.0767380048783,0.1445728801859855,399.0493334726986,0.0007224873249311,0.0281434680954846,0.028468082813281,0.0268791243334143,0
27.455758207034044,12.114715839246855,4.265284056303976,150.56910530105426,0.141003901516721,500.6177289335344,0.0005758060221882,0.0251940899084662,0.0259674602233911,0.0239959584552956,0
26.006432507597538,12.280235008865674,4.435648904893114,143.49883949003248,0.1408332838528783,457.7297109146776,0.0007304391278228,0.0282981183284671,0.0285370517429165,0.0270266373754273,0
25.32076112140232,10.944758063216398,3.879967895490552,148.06944378547826,0.1395870393078312,459.5527891616604,0.0007050233114342,0.0277508828858996,0.0290203756281248,0.0265522750707782,0
25.03406768727347,10.693204114206225,3.7972040201933055,155.22136018426863,0.1431262249096256,402.087804971182,0.0006524260501232,0.0268483400389309,0.0266881093741585,0.025542632012447,0
25.10013302946025,11.389153025697116,4.294657316211541,144.95562668545472,0.1456567284544301,477.0219276469778,0.0008438744187049,0.0304388532070988,0.0310362362831549,0.0290495166690413,0
25.983056397762063,11.765364137828186,4.640909262664223,151.37128518552123,0.1417676020150615,480.9599262359037,0.0007735257695571,0.0298004860761684,0.029402273748917,0.0278123312499528,0
26.00021233513517,10.979850910363822,3.4005343130479844,156.67478238164543,0.1448475048117781,365.52273796957616,0.0005852320050483,0.0253044419221348,0.025985149926509,0.0241915688835663,0
25.59927727968412,11.623909415649036,4.355066277392673,147.05099513835523,0.1391913270319921,410.9885280617676,0.0008985464152992,0.0312398900053534,0.0324434780078492,0.0299757637984299,0
24.92042060523837,11.132683075370892,4.339414130302593,151.03729339844892,0.141452979790096,386.1662121057645,0.0008723463701043,0.0309304970354197,0.0321191250685651,0.0295355103240884,0
26.480909682038515,12.407406287339114,4.32429966565585,145.76039920290776,0.1469451367097565,463.7192284809519,0.0006920223820012,0.0279165861669597,0.0279849340105242,0.0263063182905028,0
26.198277721697742,12.48638543021356,4.623918609442036,143.67187739840506,0.1482031207066401,424.77177552719326,0.0008024387867294,0.0298842523502875,0.0296507736127124,0.0283273505067001,0
25.051595256735617,11.288849792404791,4.268384886472369,158.52773238298838,0.1428706697803977,410.5711509961517,0.0007787062915471,0.0302290730413912,0.0305163303113072,0.0279053093791698,0
24.961876799697688,12.028860595113244,4.324358092741328,138.4328407235055,0.1502251230522034,413.9200988498625,0.0010045555702477,0.0323431179988533,0.0335832351893227,0.0316947246438232,0
26.218377488416152,11.69773686576218,4.025383138488351,150.25270278638942,0.1420538682469225,405.481792597976,0.0006972268699705,0.0278048524248556,0.0278441971696079,0.0264050538717606,0
24.7363891157738,11.159369860256197,4.194425918657039,149.6571841289075,0.1521033861655957,377.8285806010881,0.0009404666768888,0.0323226661344185,0.0330478264798492,0.0306670291500308,0
25.977418279432683,11.749884488716203,4.1875616228141865,146.09601577543137,0.1512228485933275,439.7465740384725,0.0008513385904066,0.0302367349501882,0.031689204641154,0.0291777070793215,0
26.90440191414791,12.649829453142395,4.443338781625648,147.4648852507301,0.1335024906242829,484.219037261452,0.0005863577110868,0.025354550631462,0.0252702277716087,0.0242148242010321,0
26.22278148042432,10.685669875631532,3.2897841010128985,160.4931011863743,0.1508080555832475,336.4149584576764,0.0006017756627541,0.0259809475094897,0.026213221083855,0.0245311162150054,0
27.99788897603841,11.933253326470926,4.000435108300252,156.32953847119697,0.1424305687918848,383.1723210158548,0.0004748477307747,0.0224244789946208,0.0230857919897491,0.0217910011420937,0
25.265194375376048,11.99393235779472,4.429493197118205,144.3926689447119,0.1406878837066599,387.8398761496227,0.0007689991016047,0.0288226477085515,0.0295960170107365,0.0277308330492378,0
24.460140860558703,11.57413612854582,4.405374929573689,146.42293885117456,0.1547834083211273,360.7589993317927,0.0009932798545304,0.0321488453479327,0.0332551513209335,0.0315163426579051,0
26.47819644793871,12.203713397331027,5.0155856352415,160.0949515521093,0.1398935480054894,405.9224021113854,0.0007450980207861,0.0285119553134147,0.029008238267723,0.0272964836707256,0
26.93722069898857,12.62265975876918,4.557970393479003,145.53104628374996,0.1410477071178154,415.5179221370684,0.0007561672537394,0.0281781368585725,0.0295320540068572,0.0274984954813792,0
25.1001769110109,11.27326379550152,4.863485804428663,157.86159936908595,0.1422370619692363,385.5144821767879,0.0007883345590565,0.0297460364207958,0.0299673403562574,0.0280772961493186,0
25.538118488094504,12.02946416488178,4.84112593438887,159.76898261050908,0.1396536260237269,416.1627868344526,0.0008235403705917,0.0302961197629656,0.0309869135273198,0.0286973930974872,0
24.867543238062087,10.943751877209309,4.309988390971931,158.306850006876,0.149025055448657,404.4589799201886,0.0008264448528688,0.0298503430850426,0.0310843422154215,0.0287479538901267,0
27.077327508373504,12.349761374640735,4.508556885734798,176.3594368123366,0.1340778944857295,436.06756918183794,0.0007634450391717,0.0296963249638727,0.0295404242693417,0.0276305092094177,0
25.780410333553004,12.134489536726267,5.96622029246511,112.0070941348864,0.1344546997986249,406.8690649952776,0.0008233139963457,0.0300442015888874,0.0306127392372648,0.0286934486659542,0
24.29677962243069,11.09816930588821,4.938595429355196,182.3796508460948,0.1390004901391994,391.4391371541839,0.0008071084628021,0.0299787561856174,0.0307046562371669,0.0284096543942741,0
27.288117770770043,11.10503083952988,172.82438738172635,151.66618878659796,0.1404879677994634,387.1427625507567,0.0005804850313023,0.0251994296655665,0.0259145928163978,0.0240932569675079,0
24.729478314477,11.68176268557146,4.48108493498642,144.40642405332557,0.1420211458932903,430.6027377828218,0.0008052538729861,0.0297435316460711,0.0299391109593734,0.0283769954890598,0
25.872687272755968,11.622329701146567,4.777011594353759,153.7946985432941,0.1385843097493145,382.81441012987074,0.0006631335715071,0.0273070113722183,0.0277941889189709,0.0257513799922863,0
28.51016726372807,12.907860335801146,4.838499630135502,158.16444122303216,0.1239958556536453,495.7609572907375,0.0005493491030506,0.0251196564883296,0.0248641071702979,0.0234381975213682,0
29.23739484697942,12.710183254426958,4.085798838396883,152.81153443598035,0.1447296866601843,433.6467348144321,0.0006166977932083,0.0267443013307456,0.0259423290104411,0.024833400758018,0
25.956314991907355,11.336567324487827,4.274039870798873,153.08124203701036,0.1425742023953953,362.65430172352666,0.0006755383268267,0.0271843323432308,0.0271236953887769,0.0259911201533668,0
27.64248050234656,12.192001881886071,171.70027664349982,145.0740353101254,0.1549172981149323,350.2817154585435,0.0006223142944188,0.0261551753028973,0.0265908235279438,0.0249462280599457,0
27.0867313987669,10.85726095445417,172.8643234111628,158.02051719067094,0.1571841839952018,356.26477084298347,0.0005750901326991,0.0247131372303355,0.0253216936710002,0.0239810369396151,0
27.556584970028112,11.389835582566946,172.43212879993564,154.1323322408863,0.1551984763776203,359.3901621829216,0.0006378158224413,0.0256581653447613,0.0267923479519663,0.0252550157877862,0
27.335772340828548,11.443773255426848,3.4901757390566246,157.1017405044088,0.1536340478225064,394.789704520887,0.000696978811818,0.027663417693184,0.0278897359511363,0.0264003562820294,0
26.77657369251481,11.473955347869278,3.743931510572224,152.97827574055728,0.1575361587727605,337.7536725971994,0.0006106511084293,0.0253016119565513,0.02614991524958,0.0247113558597933,0
26.449130387873502,11.110459516667596,171.68540280331462,150.71317588705517,0.1404510990102654,364.2680899165177,0.0005142083240396,0.0233928883339618,0.0247997774568583,0.022676162021817,0
26.226377335056945,10.516173794209609,171.2625268549088,153.74548308704794,0.1552395997309536,309.186040640904,0.0006376341010906,0.0252973806058339,0.0272560458572114,0.0252514178035743,0
27.810586706833703,11.26426638804336,3.465253896630898,155.98256553972857,0.1585648057334819,363.6461953157129,0.000544977438607,0.0240453723277563,0.0248340188396229,0.0233447518429102,0
27.529351207002144,11.363117459778906,172.73935424635476,154.38845340483002,0.1576568146983853,341.98958081149766,0.0005979806459787,0.0255712372830442,0.0253226770244756,0.0244536427956812,0
27.15276935097718,11.550630326276668,172.88283091430657,153.2177149236943,0.1559399129595355,376.2540408084154,0.0005719362887715,0.0245039346541187,0.0247512775667677,0.0239151894989689,0
27.76663865851948,11.002297884788838,173.46799970465685,158.78805012869412,0.1570881852245137,368.0115728920484,0.0006336125913306,0.0259284882572083,0.0263136817416838,0.0251716624665639,0
28.885997896669828,12.310661027595453,3.740321973716391,154.70553164467847,0.1481960530109609,415.4209403314396,0.0005443436757065,0.0241881171112708,0.0248171176754188,0.0233311739033108,0
27.50972626980889,11.379057349557478,173.00772864814456,153.19975706892325,0.1452556450530635,442.2388907014686,0.0005276913061735,0.0237170182013279,0.0240949821995605,0.0229715325168695,0
29.19878155895158,12.169348358277198,173.46020057013098,154.36750392551474,0.1529535409200841,381.7595500717311,0.0004746415948167,0.0227198277137639,0.0225363991790413,0.0217862707872803,0
28.722533725674715,13.09158316212335,171.61516541529045,144.12197438698826,0.1477857843071963,376.4368325457022,0.0005301502065503,0.0237928604538726,0.0238877889220195,0.0230249909131434,0
26.718716123830703,10.727808977546452,173.3978157477823,155.85440499258627,0.1539174337912053,423.0009591080712,0.0006041962084428,0.0256304598616536,0.0255506332069912,0.0245804029349168,0
28.72136730577408,12.61703356522066,3.77256032539745,150.21139074287467,0.1446699734726957,383.3335056993648,0.0006086015814008,0.0261653685050148,0.0259067317678691,0.0246698516696162,0
26.927172697062915,11.425791106312651,172.88292147873855,147.6864068310045,0.1520687154962587,386.5497337597354,0.0005503163398627,0.0243286592926217,0.0246249623820068,0.0234588222181498,0
26.24148668858738,11.34947352009847,3.7261415026748352,155.63995189763872,0.1652801787769972,353.3917356480497,0.0006236295203839,0.0259432743522517,0.0256511703216621,0.0249725753654673,0
26.520185086430423,10.026162716880563,173.15405082502792,157.46023629091343,0.1445051009859001,390.9171114404196,0.0005639091173784,0.0244076503011492,0.0257647458336814,0.0237467706726285,0
26.501956136240302,11.710132191651724,3.672704487387549,153.46867016917977,0.1461276006261704,406.6543398234106,0.0005774058771263,0.0255248613927134,0.0255758118640808,0.0240292712566643,0
26.764953365238146,11.23416144608924,3.331146788319685,156.71572798272706,0.1568068142193806,342.3709031588315,0.0006544501130466,0.026801020054464,0.02740817183018,0.0255822225978646,0
26.72830428234095,11.602599275229707,3.7345039449839135,153.92138679795443,0.1519582898612591,361.5305327637165,0.0006374998521142,0.026205535434832,0.0275482365879337,0.0252487594173309,0
28.132429980678417,12.45129025667554,4.154471329297572,158.64359205363868,0.1532713147578303,415.2139872395303,0.0005935945678302,0.0252754767616988,0.0253002672352976,0.0243637962524357,0
28.153271002415263,12.214928557201546,3.9914526223209137,158.9006902292232,0.1528020886404623,396.6800368603909,0.0005893525320445,0.0253953660221724,0.0251693231103027,0.0242765840275062,0
26.956528702584897,10.80026906798446,3.8406650017467134,165.49538597651184,0.15387647092494,391.185919736952,0.000758283658916,0.0280759436987832,0.0293496140532356,0.02753695079191,0
25.80049563253672,11.000343507667438,3.750665408321339,156.506484417254,0.1556057137791837,348.5237755924998,0.0005814816266664,0.0250647104942282,0.0258781294537506,0.0241139301372978,0
28.0141990152608,11.308263937424485,173.3563948852568,159.4131470927028,0.151688528301639,388.7759791581288,0.0005966333257741,0.0259165570616896,0.026128136067418,0.0244260788047158,0
25.287988331601618,9.779142724209528,173.6411416430277,160.9893164943681,0.1564862205208437,380.0391779984317,0.0007780355314152,0.0291156090407883,0.0295123370203929,0.027893288286168,0
26.39836236824204,11.241827203756138,172.2371371249421,152.30611300944932,0.1547102697766167,369.9818482002543,0.0005907563004193,0.0257686284636064,0.0256295180929374,0.0243054788148537,0
26.349220452756875,10.114980368941296,173.61239339766627,162.90602893973673,0.1596082536709991,344.1664059532058,0.0006070722374235,0.025468434177739,0.0258059288726704,0.024638835959184,0
24.64997361458089,10.081483506248212,3.632629718184802,160.84261298646226,0.1492374149987478,367.03502585208696,0.0006939171543364,0.0280672319659882,0.0282646939935128,0.0263423073085193,0
28.18354658495964,11.928796414550504,3.781799027376693,153.17356812989846,0.1379392290621265,424.09752708965794,0.0005095784068883,0.0234478487851997,0.0241183460034166,0.0225738434230503,0
25.167640686462384,10.836443069750196,3.249479013146328,152.22223256438312,0.1534735205736163,365.4685753052317,0.000662313341826,0.0266300376665713,0.0275499109139901,0.0257354491281205,0
26.54308199292548,11.194018842380537,173.26621581548824,150.00638676468003,0.1501924453197644,368.0357182511552,0.0005546547406184,0.0243392745842178,0.0253732283013724,0.023551109116524,0
25.430396811232264,10.84016789147185,172.58478554739548,147.71958209767905,0.1527656459025483,357.5491239649722,0.0006387679601211,0.0261581967326797,0.026827037008025,0.0252738592249219,0
26.599273985664283,11.409824315314594,172.80942244764873,150.7373331370892,0.1552905350888084,360.8043853105826,0.0005679694796037,0.0255537267445959,0.0254879808959838,0.0238321102633352,0
25.26594079268949,11.566430885415294,3.6207343412468447,147.0584387534834,0.1598521791847601,351.0960866435312,0.0007259482990628,0.0277819151139297,0.0288763847897456,0.0269434277526614,0
25.560621993707045,10.902250708698553,3.4964029509574743,157.64921902824796,0.152990754308079,420.18878967402185,0.0007072335869551,0.0274699870061064,0.0286914274868679,0.0265938637086672,0
24.47926857225596,10.699917123681928,3.627548739800517,150.9824099498648,0.1576535555515432,322.2660901032428,0.0008304162420925,0.0296499058437201,0.0306364320355429,0.028816943663279,0
24.43035250801444,11.269951059009983,4.002388104078165,148.73796961569343,0.1557573725845268,367.6959302263591,0.0007115316759036,0.0282176545588823,0.0289937509581232,0.0266745510909496,0
26.37140638688315,10.609882933802028,171.4375995609774,155.16782188503316,0.1520874752590559,341.501076672105,0.0005624011648344,0.0245242798685583,0.0256055450317288,0.0237149987314868,0
24.86535577929912,11.007287689629642,3.947440100004279,153.71836589149797,0.1510359343735432,349.3137601498448,0.0007109450618041,0.0284326114886676,0.028924734760826,0.0266635530603881,0
24.31961482745463,11.040113150700783,3.993790484460732,149.46817566523526,0.1620563201129277,381.4090709415084,0.000822466313304,0.0290790257327751,0.0299719587479911,0.0286786734927543,0
26.01136892888421,11.61214608951486,3.7022727760304974,149.14941517329743,0.1453644283538726,362.2372052921804,0.0005695313644969,0.0252746312534705,0.025775453539282,0.0238648562639081,0
25.14800182853248,11.026766169505676,3.5399508015188843,150.16793449528592,0.1624637687230663,333.9884659618948,0.0007575174329657,0.0272156277917906,0.0285519137904282,0.0275230345886088,0
25.577435274342925,11.119161382344274,3.829272377878283,154.09070593628715,0.1550767135555306,314.746384610496,0.0006657954886077,0.0269512000340413,0.0278108409341495,0.0258030131691573,0
26.96959211934725,11.90677113458412,3.7683676619036106,155.14369136839915,0.1494337147691058,360.2930789078595,0.0005469006017371,0.0246904513463183,0.02445413226426,0.023385906049097,0
25.926092482169537,11.163268298835476,3.891577246940514,155.61921212935596,0.1510854235244271,371.4138111368895,0.0006792245381076,0.0278264361940737,0.0274979047350876,0.0260619365763111,0
25.095899710808645,11.71011777387386,4.015848036129221,147.57173729940058,0.1536410739476682,336.78837713584886,0.0006668827763573,0.0270598895025242,0.0274283554523672,0.0258240735817831,0
26.085059798972026,12.282879553952355,3.8309575581999695,146.00633987453273,0.1576471462327717,391.06411345251456,0.0007040538905367,0.0273027591168171,0.0273832960335837,0.0265340138414215,0
26.66889992015494,11.815171186303434,3.710977119842539,151.6447145301988,0.1457059177521077,362.2721686431296,0.0007415745180336,0.0284949788011265,0.0291875737499693,0.0272318658566321,0
24.284056739064376,10.076631883347638,172.58771206138815,154.69443992564027,0.1544604818341108,339.30022940456763,0.0007652693781157,0.0287517870460418,0.0288232565203715,0.02766350263643,0
27.11232941412507,12.214898534089258,3.9400169923533497,154.21392065875497,0.1440217559116343,365.2259754635948,0.0005472405084977,0.0245488732417373,0.0250142975447797,0.0233931722623877,0
25.772696637557736,11.468173272576172,3.814035442500185,152.46548250343926,0.1573711061089471,328.4029181174069,0.0006687413543512,0.0266904568509087,0.0281896779549798,0.0258600339201486,0
27.080018548013044,11.895664065941062,3.700259954364988,153.31012633146935,0.1518398126453645,372.7178717047205,0.0005584342660879,0.0248133642910726,0.024873666590197,0.0236312138090261,0
24.45331051146692,11.197220692596945,3.991166949619696,149.79085908320204,0.1549536705316101,400.5477831392964,0.0007115451998953,0.0273676763721696,0.0290160567899771,0.0266748045896366,0
24.18380624304856,10.326287304884032,3.785752767172241,154.24519051816912,0.1636393926741195,373.0439875958972,0.000908620022296,0.0310705340186192,0.0315647793505506,0.0301433246722397,0
28.16065667697336,13.263141013693918,4.066486674340979,148.58026367815424,0.1539381287372705,319.7975958067019,0.0005368677137763,0.0239242875653792,0.0249057201599324,0.023170405990754,0
23.916880932337968,9.98624694619606,3.641575212877896,156.39342951751004,0.1618288300305261,384.2796717381897,0.0008367713437891,0.0298065638079745,0.0297999030542574,0.0289270002556289,0
26.602438737045738,11.818792620706706,3.8329044958703946,152.107382669633,0.1474830363221691,433.9305580182991,0.0007142788423964,0.0282812940856242,0.0280189375573517,0.0267259956296571,0
24.282381380707427,11.670037754595324,3.8026868289299713,142.77741673973424,0.15236772579896,327.635659202136,0.0008809797337694,0.0312948593422451,0.0318421406495396,0.02968130276402,0
25.714811627461312,11.883793678128026,4.24970154326175,152.16132218130838,0.1454530000633559,370.2172501427686,0.0006914316708561,0.0274533208660419,0.0285824886401772,0.0262950883409073,0
26.69339183241931,10.62720127750503,172.185656276104,154.78176878059503,0.1558703091983763,382.7936972464365,0.0006401174702542,0.025334561291371,0.0263746568563815,0.0253005428845749,0
23.358443027246423,10.574398886445625,3.639895200697836,148.7588464133907,0.1599776011376797,340.9132883273744,0.0010673613385902,0.0342093300657284,0.0341287468059808,0.0326704964546037,0
25.87478537017064,10.517087035518394,3.764085445929197,161.02293174792288,0.1416983607128202,386.3881963149845,0.000668625219816,0.0275838251266998,0.0272369735053673,0.025857788378282,0
26.618551026047555,12.028588030243505,4.301685897469099,152.1363914729937,0.1454104683602492,378.0620626717249,0.0006988068930656,0.0281734931777936,0.0287545601861587,0.0264349558930148,0
24.96028518125656,10.182531789700016,3.644633425778793,157.4118028730845,0.1528554567638394,361.32415116347886,0.0007552291609694,0.0291314239817941,0.0292204798771279,0.0274814330224866,0
25.27651049628156,11.402555878631688,3.981674270557434,149.64216870026823,0.1465056752124112,398.0784107495498,0.0007251168196494,0.028580927775373,0.0294072081347223,0.0269279932347267,0
24.638403055439163,10.828821518555364,3.75023665619527,151.59386725022702,0.1531870208306082,372.4279368947068,0.0007392626083224,0.0291967294689566,0.0286511666014688,0.0271893841107597,0
25.012846038631075,11.359066504768949,4.101232947832166,151.8910030345417,0.152188696156866,361.9790529729559,0.0007382925243098,0.0285123990547838,0.0286294310978838,0.0271715388653239,0
25.399122173012664,11.508068649232534,3.991583698746609,149.2155638882778,0.1513800913155763,361.9448932188375,0.0007917612606051,0.0299962563221829,0.0296122237126426,0.0281382526217448,0
23.88303959796361,10.319190866978044,4.015132967391168,157.11574279213056,0.1470380974760159,344.6459806054015,0.0007873731157069,0.0287531704321687,0.0311079602168911,0.028060169559483,0
25.47616379749169,11.406961280308366,3.886330788252764,145.68577611974172,0.1441358054263147,399.3361399278037,0.00069934329485,0.0273633186843524,0.0285178679557756,0.0264450996377419,0
26.737729194594664,10.498422192413171,3.333011319114576,155.6906415374074,0.1595061875275794,346.90928347588385,0.0005789005647461,0.0249245179632432,0.025358088029345,0.0240603525482509,0
26.23502199279332,11.18420941413067,3.740362895534659,154.92099032304915,0.1419551908700504,390.7462120888592,0.0006546802789247,0.0270833574020175,0.0273091589456329,0.0255867207536401,0
23.671669516703872,10.068976689752128,3.6192281954385934,149.8645267609716,0.1516412274983084,400.8442142541337,0.0008814499282692,0.030784189265259,0.031688040643347,0.0296892224261469,0
26.214801798028525,11.89343625557246,4.095865553415827,152.54138795327762,0.1523501312282651,431.07162839452144,0.0007668246594964,0.028406349793998,0.0292049142138877,0.0276915990779948,0
24.461205206600283,10.881455343846367,3.908791279034716,149.27342176422127,0.1466513559205173,320.299633482342,0.0007619514851349,0.028749116294134,0.0288517554602116,0.0276034687156337,0
24.069780635409927,10.354227031474554,3.786106418046217,152.2269419878956,0.1539451008110791,356.4301971343773,0.001003871404338,0.0330275207632756,0.0334252802913677,0.0316839297489761,0
22.85233308183104,9.92282854734465,3.857371974765712,151.25809128962655,0.1455375677551507,373.16245965082777,0.0008534962680582,0.0300142142603456,0.0314767019374287,0.0292146584450043,0
27.53286712471344,12.981519614824812,4.702272981781533,147.7110743772508,0.1434444018189418,370.9765212911708,0.0006279433409318,0.0261134465113467,0.0269895149027684,0.0250587976753054,0
24.4234822158206,10.945156379622937,3.799843543980757,151.0328041361683,0.1523279800262722,320.37767133985045,0.0008011233442029,0.0292717630178981,0.0299975531917686,0.0283041223888499,0
24.4970943155482,11.759839704162246,4.384880275461583,141.69317757133987,0.1481568832993743,356.8860861711952,0.0009844997788508,0.0333587062682584,0.0326929281073721,0.0313767394553804,0
24.438216757924256,11.719415099714134,4.384899528147884,141.69376280506833,0.1481568832993743,356.8860861711952,0.0009844997788508,0.0333587062682584,0.0326929281073721,0.0313767394553804,0
22.593202102034446,12.66822940187177,166.63715566370666,115.23762912611718,0.166970224911607,418.17901178352497,0.0009185074365138,0.0320392185560215,0.0329095552065082,0.030306887608494,1
22.28427733532064,11.878099038474978,167.19103870289592,118.71402574986364,0.1646694475906452,357.9875234515634,0.0008056445551533,0.0293479340754698,0.0307832831078611,0.0283838784374751,1
23.318745090634145,12.421126716345078,167.0175953184741,117.98441176577592,0.1659057839551524,399.7036213788144,0.0008708778426082,0.0306892689195907,0.0310752090957591,0.0295106394815194,1
21.23563551275149,10.12507336158285,165.1774342172517,137.8785617941571,0.1567334951340354,373.9583040023834,0.0011150122182402,0.034735023492971,0.036074406211326,0.0333917986673414,1
20.16345558496176,10.643138494742743,160.98117646238927,126.30608316132808,0.1715714561048672,327.0839675161155,0.0013119441882243,0.0379423107117252,0.0384000530133173,0.0362207701219111,1
20.438110401317097,10.225637341501567,164.77050523437117,132.95679335457797,0.1748033776941394,333.89973040693974,0.0014404785622806,0.0402002110826469,0.0396628194145093,0.0379536370099189,1
21.281080339482763,10.602010936666076,164.19503948826178,131.1780780192835,0.1509695998064435,283.31858044614404,0.0009567823217734,0.0322760958251747,0.0334194980359162,0.0309318981275549,1
19.60574750143108,9.679096529297595,163.51253754925716,137.69382729295242,0.1773225833537133,357.6127188297595,0.001418211401512,0.0392729157392749,0.0394241291080524,0.0376591476471787,1
20.565365869240075,10.815569100344,161.7169672291156,125.48469299643617,0.1636874481979612,337.4258252011896,0.0011322827795554,0.0357612076103934,0.0353263404852137,0.0336494097950538,1
20.241857059190103,10.240041007610504,162.31950255794175,131.53502058812228,0.1646757071484665,363.4917219117698,0.0014246376464854,0.0397994756440469,0.0391873233327052,0.0377443723816598,1
21.264309890648164,11.30151544330181,161.24048350552582,126.11477655788424,0.1699362136588602,305.9890229400834,0.0012089512210985,0.0351936730152771,0.0372426972565237,0.0347699758570321,1
20.678253657982808,11.530111790054484,161.3953541125989,118.93878276532544,0.1645767701478797,369.8719620897567,0.0008353293071627,0.0300489621386433,0.0297608827461353,0.0289020640640546,1
19.599020039655606,10.908569187161454,161.46560008268676,117.13189374045858,0.1795420542751692,347.0423036880981,0.0015156618083327,0.0393347528172097,0.0398683622689833,0.0389315014908593,1
20.854294187751144,11.000612778282886,166.94635631834478,120.07811781436143,0.1780922958811592,323.5846074959103,0.0013412929717756,0.0367629298194721,0.0376645173965757,0.0366236668259155,1
20.18762610748692,10.623855871812871,163.5275566272417,126.029056755418,0.1764466418319698,340.0559410538808,0.0013696030306635,0.0381707935923041,0.0384802150148461,0.037008148165823,1
21.24506488658276,11.641921092777627,160.3078201375053,119.746883278515,0.1675346740138765,341.29001035335114,0.0012055133403708,0.0348892519291787,0.0367733522171772,0.0347205031698968,1
20.489025237517524,10.458663195980328,162.51859899415388,133.28673115182707,0.1772599071065863,326.3885653107535,0.001124801747605,0.0330754770409397,0.0352848802546428,0.0335380641600706,1
20.36605899823656,12.186608588655972,159.66721985143784,103.30416900153448,0.185253811637337,350.6484651767013,0.0012576511099283,0.0360916697476353,0.0368116730589276,0.035463377023746,1
19.26774795969559,11.768572899056892,158.0438271584179,102.21324116732995,0.1799769060943961,406.15084123174137,0.0012507930396707,0.0370564397971142,0.0372705407627827,0.0353665525556389,1
20.82689955730529,12.157235629494938,161.4552078180805,107.88916480480526,0.1639835536804234,298.1434274920578,0.0011412759003618,0.0360212367851497,0.0348409117557011,0.0337827752021916,1
21.17329476642104,12.606778123908864,161.11939129494473,100.94205950062836,0.1584566891695131,403.0550169664887,0.0011112882735644,0.0345581855295293,0.0352396082499021,0.0333359906642125,1
20.653462256508327,11.206133140131172,162.93861408477733,120.61857246722072,0.1675297586983162,330.95044068075003,0.0014379156023935,0.039821849292545,0.0404233914583712,0.0379198576262296,1
18.209486223258587,8.560635794181422,165.43648244323165,136.95918265237495,0.1903552811834612,381.6487537307414,0.0017897205068622,0.0462656482055987,0.0436933696324378,0.0423050884275435,1
17.14121035313667,9.21134547515308,159.22553579486666,121.95810346573523,0.1973823861631089,352.1624666142972,0.0020636194755467,0.0481703999618464,0.0491239700737916,0.0454270786596139,1
20.33221307025407,11.500271594955898,166.23302844336592,112.41088010427616,0.1697872461508933,393.3373605717077,0.001117475426905,0.0350325766317709,0.0362739982136828,0.033428661757615,1
26.42404890748538,15.091681092635426,158.62437922742248,123.15144603492706,0.1823934325142276,354.48345541925914,0.0020049426059023,0.0467872702513956,0.0474897537431406,0.0447765854649768,1
18.729309911958268,9.36220510700577,162.13006977993183,125.70001073536952,0.1883638668923681,343.4000218187106,0.0014736048394593,0.0402079238248717,0.0398016716611936,0.0383875609990968,1
20.72781663648336,12.300195067557452,158.90308731491038,106.3636467714842,0.1631556006687995,383.3011094478516,0.0011376762815824,0.0344489726961192,0.0360516963034342,0.0337294571788877,1
21.897736154537945,12.857771326452523,160.46674575822672,108.97740095659162,0.1728550879275148,346.94587335421323,0.0012483225884075,0.0366793075267074,0.0371922331594319,0.0353316089133736,1
22.355991579412244,12.2409019755971,162.91830522230055,119.27390186705016,0.1648281808189489,369.5888566191701,0.0013414640319371,0.0376116957562009,0.0391029689832774,0.0366260021287764,1
21.21970937481992,11.381944369126092,162.348551247409,121.6398045436358,0.1707233594373826,345.37207379396114,0.0014796860199949,0.0396314755444556,0.0412986858295702,0.0384666871460875,1
19.48595115945597,10.467005951158267,164.07839566956056,119.63345782006024,0.1686810832131528,316.09298718460843,0.0014106534643242,0.039595346761982,0.0418560958591292,0.0375586669668166,1
22.289245841570555,12.62759091204699,162.59939963697374,114.06227414551708,0.1629187749515274,317.683130285886,0.0010513450775689,0.033495137193256,0.0338606444681405,0.032424451846854,1
22.43032415512768,12.241914832770895,163.37197414688382,119.65575902928472,0.1747094431150351,382.7581015450893,0.0016051988492781,0.0405155133610092,0.0410320488030415,0.0400649329124384,1
20.268049681266955,10.692135938474802,163.49509938865856,123.35490861367454,0.1694417516404543,288.906900825366,0.0010255603706258,0.0345481021068879,0.0333755391925797,0.0320243715102401,1
20.107184887997533,10.557726512849309,167.26862798606476,117.392343774192,0.17573393649284,351.4807813986319,0.0014819098706753,0.0397280768888081,0.0410384812406444,0.0384955824826083,1
23.84543346236229,13.22299400105242,6.119294290683868,125.59636578181956,0.1388386765120077,408.6468301223308,0.0007982654041819,0.0303094044767824,0.0295675637151662,0.0282535909962242,1
20.27682656969296,11.22282008115886,163.5633056857287,118.0381537292682,0.1866042466292567,246.88328772850628,0.0014202393853357,0.0376466954859049,0.0380833328951304,0.0376860635425851,1
20.25086394855168,11.712035321043864,160.62463525913586,110.72542641519284,0.1715177596033336,300.4232308375734,0.001211930638624,0.0349436422202319,0.0361689682260585,0.0348127941800718,1
19.719732362450166,11.02122735228733,162.5292136750909,116.13282168882772,0.1804982500592951,273.1059425640491,0.0014782095050104,0.0400034789771081,0.0411721472716822,0.038447490230319,1
22.28299260549593,13.076019026491046,161.84505413641946,90.3746209640236,0.1470991851289137,394.707519383607,0.0010999765369527,0.0345335263287373,0.0352344772856898,0.0331658941829214,1
20.785981587919245,11.856483165333742,162.60824408553913,113.80830262749583,0.1667276996035269,292.4515531150026,0.0011968302107722,0.0368935329664911,0.0369232056169582,0.0345952339314577,1
21.975270696753824,12.344876685550364,163.4107705726192,88.1107800720123,0.1647296405413058,322.6961971920365,0.0013507055720306,0.0390271113046488,0.0391737761518326,0.0367519465066906,1
21.87057549853145,12.059070486225632,164.29240619874875,118.8866503278424,0.1679283689256063,309.3075600733158,0.0012073917080424,0.03655925856598,0.0356612874896192,0.0347475424748636,1
21.12854590130453,11.366580705402768,167.81712247029543,118.83873154259577,0.1712449228659397,331.8518247201614,0.0010452365052682,0.034257417704344,0.0340610135597763,0.0323301176191528,1
21.44312124004734,11.335702242427196,165.83918959105398,119.90259479552752,0.1650573446481723,329.4611548227931,0.0008802005801415,0.0308686235138253,0.0313392399978209,0.0296681745333546,1
21.5127555290418,11.436617407764636,167.50849544740055,117.71547651466778,0.1654384879092415,388.2080630916138,0.0009261420042088,0.0317276548786049,0.0323349355171248,0.0304325812938832,1
19.60863684839485,10.31284743117903,166.8386235983964,120.07197649579706,0.1660901472860782,344.1156999941033,0.0011180234142437,0.035354560551139,0.0359831092582444,0.0334368571226988,1
21.44055622724263,12.662171204733966,166.89043266906702,106.20789862693866,0.1663685779682492,376.5811496256069,0.0010764604995589,0.0351655110614381,0.0342210217887549,0.0328094574712684,1
20.072836848332106,11.239806701982182,164.6424760170007,110.35720048245562,0.1759049416396136,366.79715538336006,0.001281913012599,0.0369798354305296,0.0367963043379107,0.0358038128220865,1
21.816200807675365,12.686116082037508,165.3368660960368,108.71288869796436,0.1728283581002906,339.03515214118823,0.0009954321638058,0.0327112267464958,0.0331264619896176,0.0315504701043557,1
21.319601324097704,11.349989350838086,166.26327812156666,121.49806152166629,0.1755055234184211,353.6374602902037,0.0012526627621618,0.0367616306485401,0.0386725915582995,0.035392976169882,1
21.897266735394098,11.83117091392672,167.32428700483132,118.06338917820058,0.1681582898647225,377.5960479671229,0.0009376169548723,0.0313545410003899,0.0330710526845544,0.0306205315902964,1
20.85255797767121,10.937448392229108,169.00448829923846,123.65690345915463,0.1804083401721773,318.42813031645176,0.0012541967150502,0.0376896307153898,0.0383439132502468,0.035414639840753,1
21.67502034910212,11.70944499713044,166.64828435948297,115.2707837060809,0.1637061387545987,310.5655127466977,0.00098535473958,0.0330498025460191,0.033096719529129,0.0313903606156413,1
20.6857484863391,11.352414145431894,165.09004032446794,115.5525393154402,0.1745372451771124,325.7671298965193,0.0011241051063145,0.0354896608123602,0.0352099514741172,0.0335276767210996,1
22.008151616465103,12.112816320142706,167.28466088245185,115.69986547755272,0.1670610669696682,335.98934029684483,0.0011025572460821,0.0353370932694227,0.0350955192899142,0.0332047774587048,1
19.42602755133737,11.051391263988442,164.5269680226849,108.06241074832782,0.1783420332925965,310.2172584941385,0.0013479453649188,0.0390016353137092,0.0377478101020126,0.0367143754532044,1
20.54083341196716,11.313399089704646,166.46042558194432,116.54938888754803,0.1745756255113692,284.1844617677217,0.0011600482288973,0.0345937132354941,0.0368423576502748,0.0340594807490854,1
19.744433066784445,10.082095612901089,166.9063842318543,123.41375397542288,0.1747493702069133,347.96810232719844,0.0014668954949841,0.039625256157572,0.0406183655473674,0.0383000717360187,1
20.811226905240808,11.140986534173528,168.4276719138216,122.53963667225302,0.1831998304202975,328.3904450600031,0.0012709273661645,0.0362783031257814,0.037980694053411,0.0356500682490868,1
19.2495694998534,9.965571293466516,166.6439171601878,123.88722201841053,0.1800371318865136,350.0203948445948,0.0013926828906335,0.0380197446212069,0.0382342626526423,0.0373186667853174,1
20.112656181597927,11.03986817780013,165.48657718122573,115.23705608238078,0.1771586029390056,277.69260231222086,0.0010593751346643,0.0337681752459076,0.0347387504039556,0.0325480434844306,1
22.06891761906303,12.306059230112352,166.14719343332803,116.69495468705544,0.1720023627028301,406.30204035121386,0.0011815765646854,0.0369909322910721,0.0361065476100478,0.0343740682009777,1
21.65588212760821,12.30282679193683,167.43764016713789,110.46522220451642,0.1795756208374286,350.9110546378653,0.0011644958024007,0.0358067857575702,0.0364212538805236,0.034124709557749,1
21.45604643282197,11.73961669343143,166.3136019119465,117.57701843469933,0.1744008214565998,404.5249898171643,0.001595917804394,0.0408009597560528,0.0416021071541995,0.0399489399658369,1
21.85566750697218,12.013332706090036,171.43564121449117,114.92895899828356,0.1685919352581865,333.4817642908602,0.0010676968409078,0.0346372347651456,0.035045675810235,0.0326756306887544,1
22.31464794171881,11.788544762550814,167.6675177153137,120.73880781698836,0.1807492675880694,357.85045158713945,0.0009956913966785,0.0331153597822165,0.0324487668103308,0.0315545780621226,1
19.871864594933832,11.861185102954217,165.8130032550718,103.9108574610214,0.1868839075414251,297.883185948938,0.0014439374960663,0.038888771050969,0.0402786300549289,0.0379991775709202,1
21.85979660552208,12.4760075155489,165.11643683926215,109.060198082885,0.1769106350699127,361.9048220456427,0.0012374316168202,0.036671168059935,0.0370828287204529,0.0351771462290541,1
18.96251779059224,10.473388681778868,166.65806748966503,109.5847481906878,0.179937119872821,417.2573231175176,0.0020710351105834,0.0469169760876848,0.0488670090182771,0.0455086267710137,1
20.685739446842305,11.965867212329258,166.38831830296738,109.19309391633186,0.1778777949646853,333.35385233809734,0.0011494602758872,0.0351207686523708,0.0355610241969816,0.033903691183812,1
22.81472718045128,11.780961605830647,166.8534910819361,124.15800307754148,0.1779579342963335,371.7023198500748,0.0009609074546928,0.0324811881367896,0.0315873634521927,0.0309985072978179,1
20.82413482565877,11.741816076641603,167.3754017317875,111.4303486115369,0.1690493720269579,335.5548629150929,0.0010685537378504,0.0332828011838517,0.0342991295383455,0.032688740230398,1
20.66747675194524,11.533257840735317,164.98368999645015,110.5948828293063,0.173149132182477,345.74489508916014,0.0013000354602356,0.0369723642380145,0.0382973064510699,0.0360560044962785,1
20.28118965244217,11.83996036296854,165.11373796637713,105.3089410403736,0.1753002848102843,366.9218882438383,0.0010457449236419,0.0339377724049512,0.034973222055609,0.0323379795850314,1
21.225574505086144,10.963474051672565,167.5525902734757,123.445962481332,0.163433625232459,398.3357188543665,0.0009617805732608,0.0328872751594477,0.0339387493414127,0.0310125873358038,1
22.294319366326185,11.758137624078074,167.5093181926079,121.43832017593948,0.1763800251163716,345.8149044020673,0.0008625571122101,0.031116494727999,0.0308789714929718,0.0293693226379184,1
21.043997747956148,12.09811464312601,166.34022452237036,108.54024299171306,0.1869328180951905,305.43884315897816,0.001369667707391,0.038181973038108,0.0398831093801774,0.0370090219729066,1
21.432507343300863,11.929129429423796,167.67847686389132,111.99313010689325,0.172246184194138,350.3827830104431,0.0011034062963645,0.0352852532788397,0.0357297136263427,0.0332175600603741,1
20.827865256906364,11.23659905307882,168.6505978924548,116.5775465271274,0.1807063320138039,382.290206796361,0.0013015783261791,0.0368323558581679,0.0370580486440886,0.0360773935613313,1
22.41469204516462,12.68562973086222,165.7664369996133,110.21255823035663,0.1746960612429199,356.11532866327565,0.0011057316343891,0.034984796057134,0.0345868316432642,0.0332525432770052,1
20.92794258098975,11.160203795833404,166.88566595331392,120.38212424497702,0.1773903200626399,414.7434367333725,0.0015915513391491,0.0410199203989316,0.0418627851131319,0.0398942519562549,1
20.417104079455065,10.80323862550214,165.17300194165892,120.88371410228048,0.1773818712367162,415.7434503917663,0.0013989962756987,0.038963322113872,0.0394605258823841,0.0374031586326438,1
20.282736892860164,10.496542218229976,167.8197899690641,120.68631722485904,0.1689719781455636,330.9833317724336,0.0010424222570405,0.0336979808780604,0.0344365592903056,0.0322865646521978,1
20.84936382107511,10.746386839580936,165.89853581763035,122.41447200380416,0.1698652549987618,416.8892080604616,0.0013462096161881,0.0374257435240269,0.0381211813919308,0.0366907292948523,1
20.07635555905833,10.442022662097571,165.02030732334026,123.23835203660744,0.1675508700635599,479.3579237653679,0.0014636874523646,0.0406774108801083,0.0394324985541561,0.038258168439755,1
21.40191566830555,10.62395321954002,167.74222364918114,128.78680239476213,0.1560377950268636,360.253548592751,0.0009878585297789,0.0331130774706174,0.0331130255742248,0.0314302168267885,1
23.12324530977444,12.153789945922313,168.4128146178919,120.79860332368004,0.1572827011956719,386.2468681525528,0.0009760391862827,0.0325394809761627,0.0326090429849169,0.0312416258585035,1
22.651086370432,11.42878485109098,167.41626226684906,127.77408918713942,0.1581510109855174,502.9833151651901,0.0008307641640789,0.0303140174817623,0.0297071931496116,0.0288229797918081,1
20.76556582400504,11.12138051308781,166.88985237611854,119.6811973854047,0.1655325753043205,402.3921013435072,0.0013155857238685,0.0386825723129791,0.0387601849621071,0.0362710038993762,1
22.135440147948792,11.715617594375964,166.6322135667699,120.32247877461992,0.1585975281717672,408.2465852374746,0.0010626924563079,0.0337020726741622,0.0333343003014117,0.0325989640373432,1
21.83589315475941,11.638740203871537,164.90496852737243,119.77726756280975,0.1508388144641194,482.9814077892796,0.0009031652087198,0.0327263957246479,0.0319387325375182,0.0300527071778877,1
21.959122861497622,11.719920270587693,164.90496852737243,119.77726756280975,0.1508388144641194,482.9814077892796,0.0009031652087198,0.0327263957246479,0.0319387325375182,0.0300527071778877,1
22.712376599984765,12.03215159493741,168.52046169127487,123.937660224296,0.1679064859065966,355.0122442380359,0.0009492812936353,0.0326020282679754,0.0337136055700497,0.0308104088521295,1
21.75986348357614,11.724661419869626,165.61886407589154,116.36600141215114,0.1585673520506401,465.8186302873292,0.0010691493501398,0.0343257923060541,0.0340235037028968,0.032697849319793,1
22.4536969914146,12.000472524609958,166.19093168144303,118.07908308423436,0.1590928412295679,389.47073140685615,0.0010621978817349,0.03472097943684,0.0342943013046889,0.0325913774138946,1
21.019336098828987,10.889986799623864,166.2473182220363,121.7507769009304,0.159087435731534,440.4225439654174,0.0010815882093982,0.0349266056032514,0.0359117276808645,0.0328875084097024,1
21.6783048196869,12.013205006444617,166.45607865378062,113.75049725846856,0.1564382409683231,403.442279560998,0.0011206035725907,0.0363863960913671,0.035759322394139,0.0334754174371399,1
21.307486461220225,10.893355310995991,169.51889825154598,126.61762129254691,0.1635871827494495,377.91880872115865,0.001046856174464,0.0344987567351813,0.0342918397835165,0.0323551568449929,1
21.514627565144984,10.7485362751977,168.61971557854076,125.89680215977978,0.1510869714986333,396.1314648282191,0.0010290807650886,0.03390454059785,0.0342117011286689,0.0320792887247926,1
21.46152007254247,10.789564687752865,168.93462867408772,128.90580990674127,0.1616755115852005,357.0769974951465,0.0011495402032344,0.0359941272276858,0.0362757283374684,0.0339048699044025,1
22.130579325202994,11.60750820077494,167.67592048798755,123.31210659249558,0.1563306207267687,389.8779908372494,0.0011958338826981,0.0368286920920218,0.0372447654689717,0.0345808311452774,1
21.092937995761243,10.6349470300803,168.390647328466,124.29282060898524,0.148542158131097,382.0413299188824,0.000908914209708,0.0324605825292451,0.0324322941752017,0.0301482040876075,1
21.06538008143483,11.499243885600862,167.0343252373849,115.73330619601084,0.1549841866581856,415.8654915847695,0.0012950980463671,0.0367826748551737,0.038789315677684,0.0359874706858812,1
21.99571819511108,11.42258543950892,168.11738316300875,119.69235303805526,0.175043947274977,468.5169973328338,0.0008446589326585,0.0299575386661625,0.0310296868519202,0.0290630165787815,1
24.29686394652817,12.892482831416952,169.23581520558452,122.40170128627562,0.145297470395712,393.4564489456137,0.0008218803062218,0.0300978780807213,0.030338102594913,0.0286684548977075,1
22.534167878692408,12.206725124103157,168.02293927675174,116.24422706419288,0.1659913672664799,411.3532389381856,0.0010513764091742,0.034137941830878,0.0329683391508082,0.0324249349910573,1
23.83635646686708,12.541504463405378,166.97342235790748,118.9285407746763,0.1453496700794231,453.3830133529444,0.0008442054597839,0.030386189951261,0.0307210459875578,0.0290552139862014,1
22.67516100031256,11.7105145219485,168.52932411941396,123.38685274296198,0.1604298250881517,329.22649236041394,0.001315039002493,0.0371656578678891,0.0377240544087263,0.0362634664985714,1
18.832762430238155,10.281647387347403,159.06717703914828,123.72004119954056,0.1796437663520387,371.3973095238093,0.0015577939944572,0.0411868692164482,0.0400833370218289,0.039468899078353,1
21.119033040921245,11.044819861898787,162.49469408237303,124.37964673359735,0.1662049907088295,346.06712496162527,0.0008508174737272,0.0292166420552005,0.0304853952780055,0.0291687756638375,1
22.03076860343388,11.862910485899569,161.9655614680033,119.66605900558449,0.1602372143466704,352.2610612305889,0.0010049715587154,0.0329176944022673,0.034154069586563,0.0317012863889693,1
20.878796467175164,11.114607946122288,161.24751838753627,123.70544347595347,0.1771127958522442,325.5588708895549,0.001441587878623,0.0390766363769441,0.0407216973885734,0.0379682482954244,1
21.43024627077979,11.640579986294824,161.75321834151856,121.25074711498796,0.1691287816882044,392.2949245787746,0.00121350513362,0.0362651643202103,0.0372075938985062,0.0348354005807312,1
19.38476811418028,10.752143115850636,161.38961859995464,116.97319489483918,0.1684452287771376,315.9183412427709,0.0011730844122255,0.0366066532023578,0.0367665828504038,0.0342503198850111,1
21.409981534710383,10.62834134473144,168.69302491509654,128.83626586098194,0.1703567041854787,361.6848725133611,0.0008357027160782,0.0295718865025459,0.0314513692661284,0.0289085232427785,1
21.263267561094533,11.62440266530202,163.37613126167133,113.72029815851413,0.165683305474935,328.6739503734865,0.0010261554136537,0.0325732280393485,0.0346464155608294,0.0320336606346157,1
21.244427543593872,11.721904993685854,161.7423043572583,120.05470951658614,0.1748951853045141,333.53901545835686,0.0009717663459735,0.0338914739447747,0.0331829625436366,0.0311731670828214,1
21.81398096544492,12.69128768022539,161.60572323536198,107.64689275133551,0.163975187672422,357.819083846932,0.001286225670522,0.0379913789012724,0.0379995514820831,0.0358639884915502,1
19.64799597415245,11.044769028320935,160.97811485093513,113.46504650134008,0.1805880604170701,283.51496186739644,0.0013360852539719,0.0388374390227912,0.0379725365625639,0.0365524999688381,1
22.199898750644053,12.570715183067868,161.08934450140322,116.6244795750858,0.1734667709800219,370.7419675154269,0.0009724992258267,0.0318633112571447,0.034091660231553,0.0311849198464057,1
20.538142854246697,11.866409093415667,160.26840492771663,109.3419216559568,0.1673784564511071,380.5620654013298,0.0010231833765766,0.0329643636801354,0.0345592397144895,0.0319872377140737,1
21.434681422164577,11.18156762188369,163.91540600064454,125.94217621205134,0.1618285741897452,339.7702962296655,0.0009221933954405,0.0301185255408896,0.0310978469484859,0.030367637304218,1
20.15429989815746,10.599235725903362,161.92618603405214,125.95057565216474,0.1721724299066032,286.7702117430485,0.0013710939500315,0.0388038195371271,0.0391912870122117,0.0370282858100607,1
21.749034631237294,11.794737901654656,164.01596719879723,122.36566358795454,0.162793150447437,382.9794971691772,0.0012067968329746,0.0362588647469937,0.0370736315679177,0.0347389814613883,1
19.14372947925609,9.906632606110634,164.04488222150945,124.097495492663,0.1718242404844676,355.22528828271606,0.001381401164271,0.0383822928524561,0.0400941214882051,0.0371672054945092,1
21.88196957661694,11.24184614706538,167.0789228613626,124.42707680896164,0.1687563209428393,368.34660547066113,0.0009027234376152,0.0308060455449997,0.0316666046593436,0.0300453563402938,1
20.77558781789385,11.587676560415268,162.3365832658935,115.58346908201366,0.1713478607433916,454.96845028294746,0.0013432099717459,0.0382316928133082,0.0389985545209255,0.0366498290820839,1
20.1087609205863,10.574098635424704,162.61463958990583,121.50677935115066,0.1745807864656728,345.8521731664436,0.0009580706576585,0.032051965712319,0.0322531355306042,0.0309527164827023,1
20.83141854370949,11.147174808930856,162.65931953518376,121.18154159681616,0.164410148292131,375.819773372404,0.0010383657554249,0.03481719625691,0.033493756427248,0.0322236831449314,1
22.34722929366761,12.132502516103465,162.93136220725003,119.64316293468976,0.1647377244905845,356.3055741168652,0.0009323900027929,0.0318466559950934,0.0326793682935045,0.0305350618599823,1
22.332444320175817,11.65687087334834,162.60925083177204,126.25111417636602,0.1637935027921124,340.08270473466547,0.0009433299802597,0.0313151490470018,0.0329031340696016,0.0307136774134866,1
17.943183762417576,8.73483660793855,162.99736565009624,136.01442976973755,0.1809954281689772,284.7896639477973,0.0016563890166582,0.042316282589987,0.0428934581381597,0.0406987593994984,1
22.473844796793173,11.712112010088587,161.5037672908136,130.22037984253436,0.1631899482837264,388.2391858185992,0.0009824012295113,0.0320035339304364,0.0336864473868128,0.0313432804522964,1
21.761397109530044,11.600478741627157,161.10646640941513,127.573954075355,0.165286704418277,389.42163684621136,0.0009432057349999,0.0323925487916506,0.0321370894612723,0.030711654709571,1
21.070617551004744,10.530701696201582,164.75215489382742,135.52602761432877,0.1753369631139419,388.17423033936745,0.0016280870618056,0.0419304458292556,0.0426639402958475,0.0403495608626117,1
18.84144997035579,9.535104422850424,162.2963585913005,132.70092957783777,0.1715276196031928,391.4347234537988,0.001479446547195,0.0416961598896211,0.0404848705315772,0.0384635742904257,1
18.873429749847784,11.032557418575683,162.33085008596208,109.28668534661,0.1786604421485781,401.1528538828704,0.001435372864892,0.0392481580912296,0.0396503634287537,0.0378863150080874,2
20.2503684323118,11.93143912587962,161.75253886815153,109.67689859346645,0.1798177422480706,433.3572901597458,0.001010676570287,0.0329565792250802,0.032507510655698,0.031791139807925,2
18.7662160401482,11.000809344487024,163.58671180731537,107.7270810796892,0.175639934162169,452.4680935179943,0.0010031078480549,0.0330538743830481,0.0334268768231057,0.0316718778738329,2
20.210494983148003,12.608790516490764,163.8565447857086,92.87773535748951,0.1556000451118254,375.1564874865716,0.0010503911780746,0.0324536271862741,0.0362351502425264,0.0324097389387,2
20.192165587708303,12.34247317154658,163.50960636766297,95.47840473304514,0.1702743875879303,448.4359294167395,0.0012429829487684,0.0360714696552328,0.0373546095813296,0.0352559633079066,2
20.82849843228621,12.422363556899583,163.69698362646133,98.57109751927104,0.1756361741463467,500.7598895313776,0.001327176080929,0.0371245111472017,0.0372570433679511,0.03643042795424,2
20.90418465410606,12.38166820844944,165.90726593340514,100.99255920382512,0.1674780437352368,437.1029580298717,0.0009837364359665,0.0335532394887788,0.0330174478361957,0.031364572944113,2
19.676462733875763,10.768620195922733,165.66771857970184,109.84754086370386,0.1746667902714519,393.1556839203525,0.0010376576146721,0.0334957061646287,0.0340975800867129,0.0322126933781098,2
23.11406767442025,13.700908972875784,166.7111897794567,104.84478469109148,0.1768619708866002,360.7498777442226,0.0010944380471391,0.0342822042641732,0.0355745737248309,0.0330822920478493,2
20.01131680991209,11.949694542026414,164.8735523294609,102.2126848793648,0.1675732294530844,430.7353181076672,0.0012963705603105,0.0376048836916627,0.0379264695013095,0.0360051463031408,2
21.060960105891446,13.281378379231228,163.83409181438816,95.59972645330228,0.1764985505662971,396.53039080618737,0.0015671847432559,0.0408235378745783,0.0422521484327869,0.0395876842370946,2
19.571838006956373,11.77074237083718,163.2015036479986,98.47853412836967,0.1721357947824464,375.30052564799706,0.001267967684306,0.0360292268486383,0.0391450904714705,0.035608533869089,2
20.839446932401422,12.476843582327357,161.8425483357383,102.33596362801202,0.1913059301741874,360.5799160821405,0.001308996104509,0.0373589508529013,0.0389034517866346,0.0361800511955012,2
20.107867943674684,11.832526829358656,162.2812755547831,108.55674540941716,0.1748495213999462,488.8391541386438,0.0009515874748749,0.0315707808496543,0.0317974161271267,0.0308478115086789,2
20.723592513199986,12.613431205612528,163.39281864113644,99.9166590628772,0.1656811008242691,395.3048517812014,0.0010219157909995,0.0341332004753855,0.0343415571710386,0.0319674176467156,2
22.31568582782709,12.923854855464256,165.15773267513975,107.32906802133571,0.1693387660525433,434.2244466759492,0.0010750211326669,0.0350151194360601,0.0357869858914619,0.0327875148900756,2
21.384249453351785,11.785357845467374,165.9063567220447,115.25231065881044,0.1832855188324804,377.3529683421035,0.0013693292816554,0.0377954062008002,0.037392768410486,0.0370044494845619,2
20.0327211018844,11.957712648869723,162.72546420260656,106.1267697450162,0.1814011029154181,417.2825942441575,0.0013627589668318,0.0369384340911367,0.0387170970576357,0.0369155653733203,2
20.67004295437704,11.801634517929234,163.56843367548134,108.86154650836404,0.1650978895873627,375.0080659778865,0.0009746419141125,0.0327847896478834,0.0342604078734774,0.0312192555022152,2
20.721093920094823,12.24200657953304,163.81089883179484,107.00726511702648,0.1785708293170163,400.5406913094167,0.0013171393446762,0.0372893815336129,0.0387618647127926,0.0362924144233502,2
20.47195227024085,12.248404220823758,165.43905694552024,104.28363819615087,0.1883841692312815,388.8013224416863,0.0015992222789888,0.0417439610096158,0.0422330373167035,0.0399902773057254,2
22.26257443911895,12.94230406291063,164.89051963667774,108.77483223112056,0.1787071387485216,401.5588824888663,0.0010540078812125,0.0339515938472725,0.0339100127722248,0.0324654875400416,2
20.071168821961727,11.545636504489089,163.24338772047608,105.4706441573149,0.1720277874486089,420.66107712006414,0.0010884616363284,0.0342342160000076,0.0354128052087483,0.0329918419662869,2
19.53956402208049,11.368270660866637,162.3284348869126,105.22541619980824,0.1834038181207818,447.5220620350081,0.0013148187120406,0.0369017304537261,0.0374122276591554,0.0362604290107091,2
18.7612355018612,10.506903536940648,164.04622719956132,111.86835615606392,0.1677081607524678,430.0871246450364,0.0009675942750673,0.0322766377094626,0.0331388550347898,0.0311061774422271,2
17.586490379216464,9.553282027707487,163.2748541915444,114.22747373778756,0.1836771793459759,391.3692125166839,0.0016935142969797,0.0421150144160148,0.0439105744462085,0.0411523303954924,2
19.03858991873235,11.284945706505422,161.10312897172412,107.67745659896336,0.179208910448585,436.9066170924895,0.0017132437232819,0.043266547800383,0.0429560615992605,0.0413913484110134,2
20.53221609433412,12.46388709786336,161.64700397765495,99.37831561930932,0.1766179867633004,391.1704768161983,0.0015068021785577,0.0398029558214878,0.0408844758110106,0.0388175498783438,2
17.80498182460468,9.024126131591828,166.6835486379963,123.24794136048422,0.1917566831862877,361.12255559914905,0.0015064708026363,0.0402436675948001,0.0412567843395781,0.038813281266035,2
20.30967316681664,11.09779202913712,166.80382372086297,113.02228802129868,0.1850116080751925,331.1477712175293,0.0011553206280676,0.0350703466358208,0.0352102179183283,0.0339900077679852,2
20.30914742352907,12.053586787313892,163.16491124380036,100.818003428097,0.1675126307693791,401.1026481908009,0.0010700216753791,0.033080614523075,0.0371173174841937,0.0327111857837524,2
22.86265050660399,13.047957148423087,163.22812638849553,106.52887522621596,0.1613472346513177,474.9097680153785,0.0008530013635549,0.0316576816388675,0.031201699002841,0.029206187076628,2
19.66588586256364,10.641985553383073,165.88709295125102,114.91286213880387,0.1758747715780175,341.38537908748384,0.0012938956915328,0.0374672174221018,0.0367797724981881,0.0359707616201392,2
23.03972533172604,12.93130555633644,165.71714404025178,112.02241546791062,0.1744138761638675,421.3913988342247,0.0010787126346841,0.0338862731349375,0.0337007100116297,0.0328437609704507,2
19.5482015006584,11.20872170849647,162.50584954983364,104.51449418799156,0.1782850604451414,332.976224517603,0.0011485744393804,0.035503725212227,0.0356444825755922,0.0338906246531457,2
19.503574806678422,10.434004894072489,166.26212234689007,120.87799514283743,0.179216423337858,386.9239505655533,0.0013903264449558,0.0396511812450215,0.039354439597371,0.0372870814754366,2
19.61587537225347,10.787781380092676,164.90353410513143,111.18070179844364,0.1746940705150838,398.1617804707532,0.0014956654187469,0.0404856015063241,0.0401605067116995,0.0386738337735857,2
19.78574191380223,10.865453023632549,164.78710381492124,110.96624295595404,0.1755232450735792,361.443909101256,0.0014202686132006,0.0389122038711122,0.0398664658695331,0.0376864513214059,2
16.657466266694634,9.478726795777192,162.05696735961436,114.96361767002286,0.1923964377870012,347.36337815507545,0.0020353739677006,0.046211087812709,0.0476057970926861,0.0451151190589209,2
20.691989129495745,11.609572484984454,164.066835973848,113.86806149560152,0.1625663985988229,491.88853119127714,0.0009847319440574,0.0316748935618775,0.0328659097488549,0.0313804388761134,2
19.31004104179921,11.606864099259646,160.99778242287084,108.88386838005978,0.1721115467770408,479.7656232503911,0.0010316372091235,0.0345735061331733,0.034062571480086,0.0321191097187257,2
21.14966554571255,11.505232057594505,162.74963543235145,119.69202370190828,0.1605841742650516,509.45401740974967,0.0009047072796076,0.0305266403563735,0.0306060881853467,0.03007835234197,2
19.50055346010138,11.394545902466165,162.57575126242364,109.47775345175172,0.1769841237497427,517.5578018843777,0.0010457160059586,0.0337668206493553,0.0335974093199536,0.0323375324655218,2
20.284879671162976,11.511117788414786,163.6792245601036,111.32841474147756,0.1854478795543321,482.7576954719265,0.001161498546802,0.0345007168161917,0.0354767020252825,0.0340807650559966,2
19.663414799706544,11.574816700642067,161.7256846118696,112.09857155185593,0.1831485942277503,423.426059174321,0.0015759501409066,0.0408465988241035,0.0408418517533656,0.0396982385113823,2
18.58112310227025,10.25403735544915,163.8640767148114,114.37729011237168,0.1873454008971271,403.9673850285026,0.0010005336595347,0.0329665181085691,0.0341565926339772,0.0316312133743677,2
20.68314212745846,12.417941795075876,161.92559477899394,108.00967207507028,0.1644839572811534,461.81792517699495,0.0009004268591107,0.0315796013397263,0.0316465322471162,0.0300071134751532,2
19.77624771128785,11.228048954774351,164.29213298458214,113.41849906493944,0.2132956536483745,256.2906764020369,0.001437343709239,0.0385833285762266,0.0392983666465267,0.0379123160627128,2
26.510735624865028,13.20088958972854,5.349850243667632,144.98828964627256,0.1464150646969706,483.0044330783096,0.0009135520944381,0.0310801211093541,0.0320583158943924,0.030225024308313,2
25.32870995184536,12.4999779955633,167.04229844694868,134.15197657798814,0.1492669319787517,503.2437064124773,0.0005803067320107,0.025373161019639,0.0257108923636997,0.0240895564926115,2
25.06427799309178,13.37169118618366,165.6272608469941,121.24668887059477,0.1587134473941888,457.00514155756287,0.0006976597915543,0.0276142593452804,0.0281913944795495,0.0264132503027234,2
24.52789258463107,12.220949796280737,166.45601941541966,127.55456964638152,0.16861247682218,436.4947904284886,0.0006975381995882,0.0274054890206623,0.0280347001840929,0.0264109484795278,2
22.71319458751237,13.156010028145047,163.16084967756967,115.55054432957644,0.1682400172385503,430.3443861266758,0.0007647293967898,0.0290392037811509,0.0286917617048469,0.0276537410993498,2
21.91900345483981,11.447679065728195,166.27736781630833,124.4918127268558,0.16822441970132,414.32081978958746,0.0010096350437614,0.0336492104318947,0.0331670914499434,0.0317747548182738,2
20.69364516138832,11.357090901044876,164.28562486790284,115.3451568063166,0.161405261313234,487.4234210177921,0.000858266030642,0.0299020515162292,0.0310897568568816,0.0292961777479942,2
18.75846620625662,10.54501691108532,161.782472289413,115.53740393593502,0.1824117103771992,416.070555201134,0.0014572089504548,0.0407445181000892,0.0388059615006658,0.038173406325017,2
22.432921222794626,11.93964503544197,165.66616750405254,124.96560909503668,0.1638289520356028,500.4722456234332,0.0010676978495638,0.0333829080672987,0.0354338466249905,0.0326756461231272,2
20.640801022805228,11.515960837972235,163.7522829851543,113.77228850556826,0.1723466662603855,425.8699148654165,0.0007906025319807,0.0299244895529336,0.0286889982132819,0.0281176551650507,2
21.10389070833159,12.231676798928676,163.45900013227765,112.08780805007176,0.169218566419648,499.21511508355377,0.0009363845728915,0.0322304870492258,0.0324973536409979,0.0306004015152017,2
19.45149726593482,10.69762019788837,164.57444249733342,118.2971643816736,0.1750887942342712,356.75507444648764,0.0012307843071133,0.0376565529370595,0.0376977801372148,0.0350825356425861,2
20.73524351843397,11.765116988798582,164.8042386244449,115.0125686465482,0.1658063877753487,455.2465040804578,0.0011911449716961,0.0362716947630745,0.0359298864917534,0.0345129681669963,2
21.171680789093564,12.048799150007872,166.5128739534229,111.14636845193084,0.1647435374680317,467.04639978679694,0.0012178246360463,0.0369528349342306,0.0370246108022127,0.0348973442549192,2
20.556360043828136,12.162194989971113,162.5948697458316,106.19957879141124,0.1758482506086455,428.7835564376341,0.0009858700879722,0.0312187386352765,0.0333378781732635,0.0313985682471703,2
20.589460214828968,11.432046578426672,166.2548373762724,116.63066246056717,0.1660088719099228,478.8790472546132,0.0010519875469903,0.033547736659598,0.0334757643399265,0.0324343575085173,2
20.731590209643823,11.501017115513411,166.8472760714641,116.85633490121384,0.1751612596400405,438.3837849785426,0.0011578420660992,0.035281569748913,0.0350705637018945,0.0340270784243857,2
21.074543967355325,11.97110037186424,164.13945323273725,113.98625327405524,0.1727838908390725,449.7508623281026,0.0012418346244537,0.0367460109692857,0.0369741498261104,0.0352396740117402,2
19.22706645652888,10.570686558396076,164.753129254332,117.72608036097702,0.1772008258992443,435.9087809245781,0.0013532030811643,0.0385510383720549,0.0389433274646368,0.0367859087309843,2
20.52715563432836,11.409281402192178,165.3814428922342,121.63279404221905,0.1739001221531909,403.14807959715176,0.0013286659846692,0.0375455673872498,0.0386309955749169,0.0364508708355406,2
20.05131796940087,10.82403728294544,164.52988920226653,118.9015058182156,0.1663073464896957,459.4851428166128,0.0009359210689677,0.0319909678068188,0.0324272536463916,0.0305928270836109,2
21.083628651790825,12.8551151819169,160.46224268751428,105.05235332324872,0.1665847319855784,453.2460599030518,0.0010764950434065,0.0343418700307738,0.0352387729637384,0.032809983898297,2
22.58072930232984,11.77610716903834,168.26621419963917,123.67283667181316,0.1584648656434827,472.7245573499413,0.0007950633346966,0.0295341829743765,0.030025678391573,0.0281968674624801,2
22.95039013977957,12.714268067534626,164.71594251409968,116.46530134091006,0.1498956998042888,529.9893843569939,0.0007289690019503,0.0282735532070693,0.0286022187627608,0.0269994259559413,2
22.097994082984044,12.730222630556112,165.56146344571843,110.29359423801486,0.1731658017962147,481.8085782080893,0.0014874194223512,0.040303874328453,0.040693341748114,0.0385670769225674,2
21.38537136084157,12.448370488284908,165.9168364235714,105.37091909339338,0.1691273949089385,410.2710429987378,0.000950794119765,0.0323605379654974,0.0338645843968538,0.0308349496475198,2
24.67202038206856,14.256552157481266,167.1754427846281,115.89472790210054,0.1582222714370511,486.4983904169789,0.0007853499605879,0.0295663375538478,0.0287337503666269,0.0280240960708447,2
21.34115825949514,11.6512511361017,166.09755690091745,118.11858944766732,0.1552777895689237,505.0113548817941,0.0007951439238599,0.0283407772698454,0.0292474064742276,0.0281982964708855,2
19.0760719868778,10.8911790615295,164.78712315017265,112.93868792884538,0.1747636509850893,400.2410192255725,0.0015680930889617,0.0417894477789166,0.0413444118148719,0.0395991551546467,2
19.966354244979705,11.473402026225834,162.10758746190797,114.17888427023416,0.1785663338124442,374.7380252661336,0.000997686692415,0.0320050834850402,0.0336484223001611,0.0315861788194628,2
23.58761254575093,12.176152666483055,4.828680681213811,137.43202021262928,0.1662970893847519,545.9650806088176,0.0013899028037506,0.0402357928207955,0.0385952732957929,0.0372814002385989,2
23.888969178106443,13.004208904083557,166.66805655121442,114.48111951545384,0.1632035627260568,480.8806423592729,0.0010009262780421,0.0327538022616623,0.0319038806251064,0.0316374189535461,2
24.368197915460392,13.97904728358204,165.22154818377575,107.78339552087188,0.1679633882966981,425.4746006622342,0.0009947103257808,0.0320963496431916,0.03298974780579,0.0315390286118774,2
25.366641236137937,14.19174946915316,165.1117196239697,113.3742507221486,0.1575073260929537,432.3357244044523,0.0007732969272484,0.0280389332681558,0.0284882194342314,0.027808216901636,2
26.790991201072863,15.342930617160413,164.63579269774283,110.35873719113604,0.151366731426329,458.135357747252,0.0008319020567016,0.0297988139935845,0.0309901182463243,0.0288427123672802,2
25.76423780725369,14.287334263818488,166.51616604473492,113.88190764924734,0.1506363650664807,447.2652414735004,0.0006850617831117,0.0266571176207696,0.0274628847153736,0.0261736849356698,2
27.648482046576586,15.371542610576364,166.3014843149038,112.71648394889772,0.1427797575789339,497.58670641068255,0.0006628058614452,0.0277658598002297,0.026609297905007,0.0257450162448048,2
25.361170419569994,14.193786071001242,165.6766781218137,114.12196390384835,0.16040369512795,433.2164860516426,0.0008338014823039,0.0289313739030821,0.0301635636531445,0.028875620899021,2
25.62265443398041,13.991143662292792,166.15534403602655,113.46431619515886,0.1477346986548363,470.95508708658247,0.0006502251618614,0.0265457610134904,0.0271088841962245,0.0254995129730239,2
24.838955546009856,13.515412301180518,166.29522006395266,114.4735382345689,0.1553989884944392,419.5289559543229,0.0008013280129767,0.0299175036180227,0.0301926110671599,0.0283077376873657,2
20.19218139909968,11.977237369197256,162.92559234979856,103.81251174728378,0.1699965072101442,448.9856061835992,0.0008627599454547,0.0300604191236934,0.0310891183784869,0.0293727755830927,2
26.19299185016306,14.36942079759065,5.353371353602455,140.23126067457883,0.1479324770990311,452.612105748448,0.0006298360630971,0.0253914233482555,0.0265985635511234,0.0250965348822738,2
24.15488987958748,12.99822688835139,165.47621416404542,117.13570386082628,0.1608238672674024,418.13427059231697,0.0009852054256453,0.0319983686936637,0.0327629121693,0.031387982184991,2
24.14024755026722,12.608774282288188,168.41742627212616,125.47491181591782,0.1568342914990871,451.1377915722128,0.0010366276046885,0.0326607873685275,0.0337053967783937,0.032196701767239,2
23.09108322410382,12.314748081165767,166.84058715224322,115.48829118901403,0.1533491460727854,470.8729007619141,0.0007510716590831,0.0286249733507219,0.0296899194701057,0.0274056866194442,2
26.51754821766805,14.498589400109914,5.81891741415879,148.1060233013886,0.1427728100136773,454.4048812719085,0.0005721570578536,0.02529117968843,0.0253019277070169,0.0239198047202235,2
26.72913271367458,14.109003935050538,5.51121244715533,143.6856100275665,0.153031177330901,511.1394212095675,0.0007515071110245,0.0285135034528759,0.0286765677433672,0.0274136300227558,2
26.75022424825014,14.16669950736609,5.497873850815225,147.00718322131996,0.1396829038102606,521.0400457665904,0.0006146769735971,0.0261479984345277,0.0266169072614136,0.024792679838959,2
25.53661090121826,13.51253722056854,5.284865252176132,144.08361530912617,0.1495280286153907,441.29866059929617,0.0007468399728079,0.0283518240114768,0.0284406250545924,0.0273283730362403,2
25.91466896832138,14.103873416388971,5.606039885145833,137.6989498385563,0.1473173885710624,488.5986333483897,0.0007277221524891,0.028821445951669,0.027285272325711,0.0269763257781557,2
27.93877273154859,16.096020582093935,5.0722861202301175,132.79835405250978,0.1457271109414666,515.1299270944935,0.0006337555278642,0.0254492704782038,0.0263161699793979,0.0251745015415241,2
19.31140488625534,10.675375232801414,164.59326003404036,116.64188598600536,0.1727541441064155,420.2013148361341,0.0012793543265425,0.0376270893607017,0.0382241872818026,0.0357680629408776,2
24.81400226584553,13.82450779266884,5.633798083490831,136.6215845726167,0.1494845394609897,469.355609393723,0.0007332441676979,0.0279068356660764,0.0280440124335994,0.0270784816357564,2
26.324708021781674,14.449475459402365,5.257098593807001,140.2994994836138,0.1494364725530431,481.2575621264662,0.0006796000563415,0.0267614050745296,0.0283522196469881,0.026069139923318,2
26.15624892347042,14.054708419033346,5.5123105940595,141.61036917013044,0.1472872816703241,495.9611422364285,0.000764806277461,0.0292176264793596,0.0296842233154877,0.0276551311235549,2
27.805010308826667,14.939451760033316,4.78759407946437,141.63721357092714,0.1383001070514978,502.0038850662986,0.0005861754986565,0.0256236462644335,0.0253998183216289,0.0242110614938001,2
25.13325776205109,13.93423133473518,5.020374794116052,136.6006915226483,0.1509254352338538,423.8745525065231,0.0008106870213523,0.0299557241853746,0.0294687287907741,0.028472566118149,2
27.41165134507594,14.186092085769474,4.697550038345383,140.78795801076518,0.1431773934392881,496.78114345134185,0.0007093890249747,0.0274068556985859,0.0281094221097516,0.0266343579793993,2
28.4881102093875,15.3605301613878,4.805732818723627,140.87890960849873,0.1417760088057319,448.9898126406879,0.0006426472813647,0.0260527003169774,0.0263727610487074,0.0253504887796032,2
25.585648236982863,13.853486423958197,4.81419912688105,137.36643527624398,0.1513930047353415,479.3186134888248,0.0006392896773676,0.0254152600925738,0.0271262848501508,0.0252841784000905,2
28.09512197288936,15.055852712801986,4.817354664323915,146.7550991287536,0.1431208987551726,478.3521302369341,0.0005261742334627,0.0246426802719936,0.0238530524900998,0.0229384880378543,2
25.67083107324216,13.954322217800424,5.38125619405038,140.4815011499864,0.1509945802262704,464.0418535296981,0.0008285594103074,0.0307103951521309,0.0304986918264643,0.0287847079246509,2
17.780072024740548,10.446007065960124,161.99598250252646,110.18037165528634,0.1738029004447238,406.8663541060756,0.0011250142683172,0.0361332784061744,0.0355956263277992,0.0335412323613374,2
24.1976446435983,14.323785215921257,5.10421898645167,127.84581379717773,0.1458796182338162,493.3049843027313,0.0008751514032295,0.03146431229676,0.0312490288026049,0.0295829579864757,2
26.30305568815801,14.36462583807085,5.334868296889809,137.0059469575755,0.1392942455270351,526.1031297479102,0.0005828981952511,0.0258636659543298,0.0264988862689606,0.0241432846823122,2
27.0582923672656,14.833690837202475,5.224274534022598,138.67833766464756,0.135701314286552,523.4851911856391,0.0004578319097613,0.0221126440821169,0.0232790783257786,0.0213970070281189,2
23.257650311606703,12.598919037109646,4.962611913274685,132.99536977592524,0.153069305812955,450.02651923802017,0.0008688925533512,0.0309134552428513,0.0313142214530728,0.0294769834506727,2
23.96481934092133,13.11980016374389,5.258595280222323,133.31790887013815,0.1572433036303794,487.2050780010525,0.0009870495119212,0.0323142246107023,0.0329122324115165,0.0314173441258372,2
27.02828064696565,14.604090634600936,5.371300940753379,136.18410880404844,0.1453878679785736,545.6233924765113,0.0006293294453462,0.0255185948519636,0.0274021122358198,0.0250864394712809,2
25.76940211681703,14.090269586161645,5.406321047210568,154.3655227351198,0.1386496277256045,471.75650382072615,0.0005775318547188,0.0258313316142646,0.0257872298461126,0.0240318924498026,2
27.25594964737636,14.778309953592284,5.457732465784275,144.6216993266203,0.1360844738840084,467.45696409973095,0.0005508963123478,0.0246167865395838,0.0262959049363764,0.023471180463451,2
24.969582811387014,13.219013803731777,5.364781047948071,141.54064152860747,0.1478413214018907,492.54436511061687,0.0009001912654365,0.0311159355751089,0.0324758229128881,0.030003187587931,2
24.118661375114044,12.95806460703767,5.2258695972754765,133.25181513277417,0.1591978353399614,512.9727827908904,0.0008445225247249,0.0304885366629226,0.0308459341133972,0.0290606697225819,2
19.80030515312656,11.571079356188797,162.01843901750794,108.40340629180484,0.1697217043020863,443.7620629575086,0.0009512726059995,0.0327362264776465,0.0322323127721928,0.0308427075011177,2
23.68774354938574,12.853221920373446,4.920454498336099,131.15254898217765,0.1587552746055997,400.4065429745084,0.001162172774679,0.0353038706589416,0.0359693380961167,0.0340906552398015,2
23.74726870032512,13.389404852752657,4.805385573626893,127.25642622682405,0.1500209203834475,433.8966403993907,0.0009235170890172,0.0318226836347818,0.0325262991080459,0.030389423966526,2
23.230332128060475,13.055584650155474,5.068814888299599,129.44725442269825,0.157502569692374,388.8986250291308,0.0009273352052183,0.0321940994384779,0.0315983896143694,0.0304521789896614,2
20.91503577553867,12.173434236887084,164.5752473061105,104.21263469352306,0.1757627294474119,481.4338761446913,0.0017185255128181,0.0423963640655745,0.0432166862465256,0.0414551023737502,2
21.45805543102465,12.884055178752988,163.13306458575818,104.29316506395602,0.1676978090256049,465.8948362404316,0.0012414814569636,0.0351482975891171,0.0396069646237642,0.0352346627195948,2
18.41034082173065,10.573370507358916,163.9101616866644,105.0046607330008,0.1829919554842418,406.4809450989583,0.0017468091229295,0.0432382364290214,0.0442282784980221,0.041794845650266,2
18.76157926874898,10.312384550806293,161.3485894941818,110.45803339817546,0.1739433509357272,441.6532467826712,0.0012653256537481,0.0356919078237386,0.036600652338072,0.0355714162460268,2
20.4578163886752,11.859881791017584,164.6928968982738,104.54630566274152,0.1717911241824126,379.6413999703401,0.001453028044878,0.0393745426566713,0.0416718584661438,0.0381186049702507,2
18.593923270429137,11.20918226235066,162.91005172297656,99.19440382372622,0.1765748476960624,409.2084656993223,0.0013872696605244,0.0374460608051835,0.0382330122586891,0.0372460690613711,2
19.62088653989842,11.188251482083466,164.09547733168873,106.6366280029282,0.1659808907237432,349.4815270809606,0.0010174038877843,0.0322996557981306,0.0349556686775891,0.0318967692374064,2
